tweet_id,airline_sentiment,is_reply,text,tweet_created,day_of_month,day_of_week,day_of_year,text_length,emojis
942743012337123328,positive,False,"""Los pilotos de Ryanair desconvocan la huelga tras ver reconocidos sus sindicatos"" by El Pa√≠s via √öltimas noticias‚Ä¶ https://t.co/80Fz6dxP9t",Mon Dec 18 13:07:04 +0000 2017,18,0,352,139,
926857871916183553,positive,True,"@Iberia @lavecinarubia Si ,por favor las declaraciones de amor entre los  #rubijarena no  pueden quedarse en una ma‚Ä¶ https://t.co/GWKJGhhubY",Sat Nov 04 17:05:11 +0000 2017,4,5,308,140,
936979305720090626,neutral,True,@Iberia Me dir√≠as por favor que costo tiene?,Sat Dec 02 15:24:09 +0000 2017,2,5,336,44,
943983853802328064,negative,True,"@SupermanlopezN @Iberia @giroditalia Champion, no vuele m√°s con esos descarados.",Thu Dec 21 23:17:43 +0000 2017,21,3,355,80,
938207464457211904,negative,True,@SrtaFarrellDM @KLM @Iberia Eso de avianca es verdad a mi mama le paso dos veces terrible esa aerol√≠nea üò§,Wed Dec 06 00:44:25 +0000 2017,6,2,340,106,üò§
931526746301714435,neutral,True,"@Iberia hola, no conozco mi num√©ro IBERIA PLUS, ellos pueden ayudar? mail ackerm@gmx.de - (tengo el c√≥digo PIN); gracias",Fri Nov 17 14:17:37 +0000 2017,17,4,321,120,
933385784228532233,neutral,False,"El canal Smithsonian reconstruye en video el accidente aereo de Spanair en Barajas, el masmortifero en Espa√±a en 25‚Ä¶ https://t.co/DwDDLA8wT9",Wed Nov 22 17:24:47 +0000 2017,22,2,326,140,
932856751099142144,positive,False,"Con @Iberia, mi destino a un solo click. ¬°Deseadme suerte! #HolaColombia. Hola 79 destinos europeos al mejor precio https://t.co/z7mnq6ue9X",Tue Nov 21 06:22:35 +0000 2017,21,1,325,139,
927623530585509889,negative,True,"@facua Pueden ayudarme con una maleta perdida por iberia? por favor, no hacen nada por buscarla y el telefono de reclamacion es un 901",Mon Nov 06 19:47:38 +0000 2017,6,0,310,134,
930719355704430592,neutral,False,RT @muchachino: En el sistema de entretenimiento de @iberia se pueden favoritear contenidos lo cu√°l es √∫til para h‚Ä¶ https://t.co/922T9wNxEW,Wed Nov 15 08:49:20 +0000 2017,15,2,319,139,
938115911084593153,negative,False,"Menos mal que no soy @paugasol @Iberia... mejor hacer pedagog√≠a y hacer entender que pagando un poco m√°s, todos pod‚Ä¶ https://t.co/kQLifzfwn2",Tue Dec 05 18:40:37 +0000 2017,5,1,339,140,
944883680970969088,negative,False,"Amigos de @Iberia menudos impresentables, despues de un dia volando,vuelvo a casa por navidad y me perdeis la malet‚Ä¶ https://t.co/QwRcgEBwrM",Sun Dec 24 10:53:19 +0000 2017,24,6,358,140,
937549230994051073,positive,False,"Con @Iberia, mi destino a un solo click. ¬°Deseadme suerte! #HolaColombia. Hola 79 destinos europeos al mejor precio https://t.co/FW3TfPhiFa",Mon Dec 04 05:08:50 +0000 2017,4,0,338,139,
941081978807431169,neutral,False,"Mariana D√≠ez, directora de marketing de Quilosa-Selena Iberia https://t.co/F8n1Y1mROj",Wed Dec 13 23:06:42 +0000 2017,13,2,347,85,
933352064910012416,neutral,True,@Iberia A350!? Los van a usar en la ruta a EZE?,Wed Nov 22 15:10:47 +0000 2017,22,2,326,47,
941598213106229248,positive,False,Ryanair reconocer√° a los sindicatos por primera vez en su historia https://t.co/UdEJZqBUeZ v√≠a @CapitalRadioB,Fri Dec 15 09:18:02 +0000 2017,15,4,349,109,
923921122495787008,negative,False,"Se habla de la leche que se est√° pegando el Sabadell. Pero la de IAG (Iberia) es a√∫n mayor, eh.
(-6,35%)
https://t.co/DtIsIf3Xkj",Fri Oct 27 14:35:35 +0000 2017,27,4,300,128,
931611760829792256,neutral,False,"Con @Iberia, mi destino a un solo click. ¬°Deseadme suerte! #HolaArgentina. Hola 79 destinos europeos al mejor precio https://t.co/KlQ0gqBp56",Fri Nov 17 19:55:26 +0000 2017,17,4,321,140,
943844779976208384,neutral,False,Oferta de #empleo #TCP: @Iberia busca auxiliares de vuelo este #diciembre en #Madrid y #Barcelona‚Ä¶ https://t.co/81VdhSjOMa,Thu Dec 21 14:05:05 +0000 2017,21,3,355,122,
941121849366368258,positive,False,"Iberia ampliar√° oferta de asientos a M√©xico, Argentina y Colombia https://t.co/1rKYoj1R0b #Turismo #M√©xico",Thu Dec 14 01:45:08 +0000 2017,14,3,348,106,
942150441445548032,neutral,False,Iberia Plus cumple 25 a√±os. Queremos celebrarlo contigo de una manera muy especial. Elige tu n√∫mero favorito y... ¬°‚Ä¶ https://t.co/p2JWMAXzLN,Sat Dec 16 21:52:24 +0000 2017,16,5,350,140,
941436315547127809,neutral,True,@Iberia @TIBURONSANZ A ver c√≥mo llega......,Thu Dec 14 22:34:43 +0000 2017,14,3,348,43,
930553946023841794,negative,True,"@toppertorpe Pues siendo una, digamos, filial de IAG (sociedad de Iberia y British Airways) yo no les tocar√≠a mucho‚Ä¶ https://t.co/sAkK0jNuP1",Tue Nov 14 21:52:04 +0000 2017,14,1,318,140,
937424103488843776,negative,True,@Iberia No te preocupes @Iberia esperar√© a que me toque algo en el #SorteoDeNavidad #CMUOC https://t.co/R17FtE54Gb,Sun Dec 03 20:51:37 +0000 2017,3,6,337,114,
923271099151994880,negative,True,@Iberia Si. Ya me hab√≠a ido. No hab√≠a ning√∫n stand de Iberia en la zona del equipaje,Wed Oct 25 19:32:38 +0000 2017,25,2,298,84,
941368109289693186,neutral,False,Iberia celebra su 90 aniversario: casi un siglo volando con los espa√±oles https://t.co/ABMOYka8R1‚Ä¶ https://t.co/gERrOrmxWj,Thu Dec 14 18:03:41 +0000 2017,14,3,348,122,
942400199523295233,neutral,False,COSMO K - RYANAIR @OchoYMedioClub 15/12/2017: https://t.co/Qzq69heWIq v√≠a @YouTube,Sun Dec 17 14:24:51 +0000 2017,17,6,351,82,
938270102583001088,neutral,False,"""Puedes encontrar tiempo para la tecnolog√≠a y tambi√©n para hablar con tu familia"".Echa un vistazo a esta interesant‚Ä¶ https://t.co/zJHfS7uFHZ",Wed Dec 06 04:53:19 +0000 2017,6,2,340,140,
940735482958401536,positive,False,Iberia Plus cumple 25 a√±os. Queremos celebrarlo contigo de una manera muy especial. Elige tu n√∫mero favorito y... ¬°‚Ä¶ https://t.co/KBPIS0b16W,Wed Dec 13 00:09:51 +0000 2017,13,2,347,140,
933098303306076161,neutral,False,"Con @Iberia, mi destino a un solo click. ¬°Deseadme suerte! #HolaArgentina. Hola 79 destinos europeos al mejor precio https://t.co/aUPaLAjIxK",Tue Nov 21 22:22:26 +0000 2017,21,1,325,140,
924989371480240128,neutral,True,@AlvProdz La A de... üòÇüòÇüòÇ https://t.co/CmZuDTHQjz,Mon Oct 30 13:20:26 +0000 2017,30,0,303,51,"üòÇ,üòÇ,üòÇ"
923485018898534400,neutral,True,"@Iberia @herifrade No, no. Por aqu√≠ mola m√°s. As√≠ os calamos.",Thu Oct 26 09:42:40 +0000 2017,26,3,299,61,
935245224242237446,neutral,False,Perdiendo tiempo y dinero gracias al embarque desastroso de @Iberia ya que da prioridad a quien da la gana! https://t.co/ipxx11jIti,Mon Nov 27 20:33:32 +0000 2017,27,0,331,131,
935522320709505025,neutral,False,Ofrecemos los suiguientes destinos : ‚úàARGENTINA-GOL AIRLINES 600$ ‚úàMADRID-IBERIA AIRLINES 1200$ ‚úàCHILE-LATHAN AIRLI‚Ä¶ https://t.co/blSAQa7TZc,Tue Nov 28 14:54:37 +0000 2017,28,1,332,140,
943085078678265856,negative,True,@Iberia Saben qu√© es lo que nos enoja a los consumidores de ustedes? Que no dicen nada porque no quieren comunicarl‚Ä¶ https://t.co/bPyT3EScIX,Tue Dec 19 11:46:19 +0000 2017,19,1,353,140,
936308024574201857,negative,True,"@Iberia_en el vuelo ib3925 con retraso, sin anuncio de puerta para conexi√≥n para el vuelo ib3720. Sin finger, un so‚Ä¶ https://t.co/H3j1oEeBTd",Thu Nov 30 18:56:43 +0000 2017,30,3,334,140,
927857767968378880,negative,True,@Apple Ya me gustar√≠a pero estoy en paro y tengo otras prioridades. Ojal√° y me pasara como a los del vuelo de Iberi‚Ä¶ https://t.co/8ThRgIiXtt,Tue Nov 07 11:18:25 +0000 2017,7,1,311,140,
930121040629551112,negative,False,"La suerte no es para siempre, Iberia desciende a segunda divisi√≥n ‚ñ∫",Mon Nov 13 17:11:51 +0000 2017,13,0,317,67,
930132597883260929,negative,False,Hola @Iberia si yo no facturo maleta es b√°sicamente para no tener que esperar por ella en las cintas. De este modo‚Ä¶ https://t.co/g3Fjo1A4oS,Mon Nov 13 17:57:47 +0000 2017,13,0,317,139,
946768474763923457,negative,True,@Iberia @AirNostrumLAM Ten√©is un descontrol descomunal. Ahora me ped√≠s que@maletas me hab√©is entregado. No lo sab√©i‚Ä¶ https://t.co/5DNYRzLBKr,Fri Dec 29 15:42:49 +0000 2017,29,4,363,140,
933236222322917377,positive,False,"¬°Promoci√≥n! Vuelos RyanAir a Europa desde 4,99 euros

TUS OFERTAS - https://t.co/WA0QZIYvzV",Wed Nov 22 07:30:28 +0000 2017,22,2,326,91,
923176300243759104,negative,True,@SamsungEspana @Iberia Me ubiera gustado estar en ese vuelo no solo por los note 8 si no porque colabora con samsung mi marca favorita,Wed Oct 25 13:15:56 +0000 2017,25,2,298,134,
940629364538003457,positive,True,@Iberia gracias por la informaci√≥n!,Tue Dec 12 17:08:11 +0000 2017,12,1,346,35,
936979903903424512,negative,True,@bonforterocio @Iberia @aa2000oficial es una verg√ºenza lo de esta empresa @inberia que opere de est√° manera son una‚Ä¶ https://t.co/cQ1iGCqcDb,Sat Dec 02 15:26:31 +0000 2017,2,5,336,140,
941366647897681922,positive,False,"90 a√±os üéÇ
Muchos vuelos üõ´
¬°Muchas felicidades! üòâ
#Iberia #90Aniversario #FlotaIberia #Historia‚Ä¶ https://t.co/6VTkripngo",Thu Dec 14 17:57:53 +0000 2017,14,3,348,122,"üéÇ,üõ´,üòâ"
930458360180363266,neutral,False,"Ryanair se estanca en Espa√±a https://t.co/7XApMp6QMz

Ryanair se estanca en Espa√±a https://t.co/7XApMp6QMz

‚Äî El Independiente (indpcom) ‚Ä¶",Tue Nov 14 15:32:14 +0000 2017,14,1,318,138,
925080174655258625,positive,False,[From our network] Iberia ofrecer√° desde noviembre la clase Turista Premium en sus rutas a Lima‚Ä¶‚Ä¶ https://t.co/D4zVE1EgRl,Mon Oct 30 19:21:15 +0000 2017,30,0,303,121,
930580935908708352,neutral,True,@xiskya Ese asiento se escoge en la app de iberia por ejemplo.,Tue Nov 14 23:39:19 +0000 2017,14,1,318,62,
941620617035399168,positive,False,Ryanair reconocer√° a los sindicatos de pilotos para evitar un colapso de sus operaciones en Navidad‚Ä¶ https://t.co/jrYHOAFoAZ,Fri Dec 15 10:47:04 +0000 2017,15,4,349,124,
932632190130819074,neutral,False,"Con @Iberia, mi destino a un solo click. ¬°Deseadme suerte! #HolaArgentina. Hola 79 destinos europeos al mejor precio https://t.co/fVfUa1fM2y",Mon Nov 20 15:30:16 +0000 2017,20,0,324,140,
938407966436446208,negative,True,@Fly_Norwegian peor q Ryanair con las maletas. Los maleteros vac√≠os y mi maleta en la bodega teniendo como mucho 20‚Ä¶ https://t.co/4QjQiybiv4,Wed Dec 06 14:01:08 +0000 2017,6,2,340,140,
945373030049570816,negative,False,"Vamos a ver, ‚ÄúCosas que vuelan‚Äù y he contestado ‚ÄúIberia‚Äù. 
¬øLa dar√≠ais por v√°lida?",Mon Dec 25 19:17:49 +0000 2017,25,0,359,82,
944338839182725120,negative,True,@SupermanlopezN @Iberia @giroditalia Son unas bestias. No les importa nada.,Fri Dec 22 22:48:18 +0000 2017,22,4,356,75,
948204965100736514,negative,True,@Iberia dos dias intentando comprar un billete con cargo a avios y es imposible! No puedo pagar con ninguna tarjeta. Help!,Tue Jan 02 14:50:55 +0000 2018,2,1,2,122,
926099720203915264,neutral,True,@InfoViajera Gracias chicos. Ryanair se puso las pilas. Lo que coment√°bamos en el blog: est√° limpiando culpas por l‚Ä¶ https://t.co/ClHxszYOzZ,Thu Nov 02 14:52:34 +0000 2017,2,3,306,140,
930607170277773312,negative,True,@Iberia @Iberia ya gan√©? üòì,Wed Nov 15 01:23:33 +0000 2017,15,2,319,27,üòì
926873194061058048,neutral,True,@Iberia Hola Iberia!!!!,Sat Nov 04 18:06:04 +0000 2017,4,5,308,23,
948667410529341442,positive,False,"estos chicxs de @iberia son tozudos, no tiran la toalla hasta que consiguen solucionar la petici√≥n de un cliente, b‚Ä¶ https://t.co/OyYO92T8LQ",Wed Jan 03 21:28:30 +0000 2018,3,2,3,140,
925290755014479872,neutral,False,"A partir de ma√±ana costar√° 9,5 ‚Ç¨ reservar un vuelo de Iberia en los GDS v√≠a @hosteltur https://t.co/y1GURiWdLF",Tue Oct 31 09:18:01 +0000 2017,31,1,304,110,
923281240752574464,neutral,True,@Iberia pero por la v√≠a MD no me han respondido a las preguntas. Puedo cambiar el billete y pagar la diferencia?,Wed Oct 25 20:12:56 +0000 2017,25,2,298,112,
936704685771317248,negative,True,"@Iberia ""arrojen sus maletas por aqu√≠ que no hay sitio dentro de la cabina"" #vayaputamierdade aerolinea https://t.co/dQR9GFqikP",Fri Dec 01 21:12:54 +0000 2017,1,4,335,127,
933148460810997761,neutral,False,¬ø que tan malo es Ryanair en Europa?,Wed Nov 22 01:41:44 +0000 2017,22,2,326,36,
923938934341750784,negative,False,Buenas tardes @Iberia su plataforma de pago online no funciona y sus operadores quieren robarme 20‚Ç¨/pax por hacer la gestion...,Fri Oct 27 15:46:22 +0000 2017,27,4,300,127,
937632844255584256,neutral,False,"""¬øQUIERES PASAR LA NOCHEVIEJA EN GRECIA?""GANA 2 PASAJES A√âREOS MADRID - ATENAS con IBERIA y GRECIA VACACIONES! https://t.co/MAurgxKRov",Mon Dec 04 10:41:05 +0000 2017,4,0,338,134,
923942886063988736,positive,False,"Selecci√≥n de 100 #Tripulantes de cabina, en #Sevilla, #M√°laga, #Granada... para la compa√±√≠a #Ryanair https://t.co/MNU0DcDBJB",Fri Oct 27 16:02:04 +0000 2017,27,4,300,124,
923129085827649536,negative,False,Gracias @Iberia por todos los ataques de ansiedad que tengo. Antes de despegar revisar bien los aviones,Wed Oct 25 10:08:19 +0000 2017,25,2,298,103,
950452229701500928,negative,False,Deber√≠an quitarles la licencia y que sean otras compa√±√≠as m√°s serias las que ocupen su lugar. https://t.co/sMqaSkFwfe,Mon Jan 08 19:40:44 +0000 2018,8,0,8,117,
932606772149391362,positive,True,@Ryanair_ES Consigue tus sue√±os con Ryanair. üõ´üõ´üõ´,Mon Nov 20 13:49:16 +0000 2017,20,0,324,51,"üõ´,üõ´,üõ´"
934390882811416576,negative,True,"@sninobecerra Quiz√°s sea s√≥lo en compa√±ias de pr√°cticas √©ticas dudosas, como el ejemplo q usted pone de #Ryanair",Sat Nov 25 11:58:41 +0000 2017,25,5,329,112,
936524627664351232,neutral,True,@Ryanair #TravelThursday Alicante,Fri Dec 01 09:17:25 +0000 2017,1,4,335,33,
942806538292428801,positive,False,IBERIA Y AIR NOSTRUM AUMENTAR√°N UN 25 % LA OFERTA DE PLAZAS A MADRID EN 2018 https://t.co/hTRcNnyykM,Mon Dec 18 17:19:29 +0000 2017,18,0,352,100,
943010772300566528,neutral,True,@zordor @Flapy @Iberia Decid que llev√°is onigiris de souvenirs,Tue Dec 19 06:51:03 +0000 2017,19,1,353,62,
940851061732052994,negative,True,@Iberia Y luego cuando fuimos para obtener bono hotel nos dijeron que no que por haberlo comprado por cuenta propia no nos daban nada....,Wed Dec 13 07:49:07 +0000 2017,13,2,347,137,
945657522496602113,negative,False,Por no contar la vez que nos cobraron en un grupo a cada uno distinto por maleta facturada; o la p√©sima atenci√≥n te‚Ä¶ https://t.co/ZvfCyv4Lfv,Tue Dec 26 14:08:17 +0000 2017,26,1,360,140,
935513720587014144,negative,True,@rafallopz @Iberia Yo viajo con Iberia en enero. Tengo miedo üòìüò®,Tue Nov 28 14:20:26 +0000 2017,28,1,332,65,"üòì,üò®"
927654665881309186,neutral,True,"@Iberia 
Llevo 15 minutos tratando de comunicarme por tel√©fono para informaci√≥n sobre mi reserva.pueden ayudarme? Gracias.",Mon Nov 06 21:51:21 +0000 2017,6,0,310,122,
936588883713843200,negative,False,Llevo 2 dias sin maletas gracias a @Iberia Tengo una boda anla que asistir y solo tengo lo puesto. El servicio por‚Ä¶ https://t.co/B5V93Xf6lZ,Fri Dec 01 13:32:45 +0000 2017,1,4,335,139,
935255761470582785,negative,False,Vuelo cancelado = Moussaka de las gordas en el mostrador de Ryanair,Mon Nov 27 21:15:24 +0000 2017,27,0,331,67,
943062868085309440,positive,False,CHEP y Danone Iberia unen esfuerzos para conseguir sus objetivos de sostenibilidad @CHEP_Spain @CHEP‚Ä¶ https://t.co/0b6EzazC0s,Tue Dec 19 10:18:03 +0000 2017,19,1,353,125,
945978662834360320,neutral,True,"@JuditLpez S√≠√≠ Ryanair es jajaja y de vuelta tambi√©n Ryanair, yo a lo barato XDDDDD",Wed Dec 27 11:24:23 +0000 2017,27,2,361,83,
941614324560420864,negative,True,@Iberia @SilOsitos IBERIA siempre del lado de los que no hacen nada para solucionar los problemas que generan. Bien.,Fri Dec 15 10:22:03 +0000 2017,15,4,349,116,
927201899434201088,neutral,False,"#AHORA | En breve parte @Uruguay rumbo a Varsovia para jugar el primer amistoso con Polonia. Vuelo de Iberia, escal‚Ä¶ https://t.co/XsAmSuGPWV",Sun Nov 05 15:52:14 +0000 2017,5,6,309,140,
941315427547992064,negative,True,@Iberia @WavesANDWind Decidme por favor que ten√©is ese avi√≥n bajo custodia en alg√∫n lugar... üòû,Thu Dec 14 14:34:21 +0000 2017,14,3,348,95,üòû
945961386382938113,negative,True,@Iberia Y en la web de iberia no me salen los vuelos de la ccompa√±ia a las 7 de la ma√±ana y en otras web de viajes si,Wed Dec 27 10:15:44 +0000 2017,27,2,361,117,
943199382366810118,positive,True,"@fdans El a√±o pasado ida a Par√≠s y vuelta de Edimburgo por 50 y 25 euros respectivamente, en Iberia",Tue Dec 19 19:20:31 +0000 2017,19,1,353,99,
937740735792713733,negative,False,Que se retrase tu vuelo es una putada. Pero que se retrase tu vuelo volando con Ryanair es el colmo de las putadas.,Mon Dec 04 17:49:48 +0000 2017,4,0,338,115,
941011356442152960,negative,True,@Iberia M√°s de 48 horas y nadie ofrece soluciones @Iberia @aena,Wed Dec 13 18:26:05 +0000 2017,13,2,347,63,
933553917077676032,negative,False,"Con @Iberia, mi destino a un solo click. ¬°Deseadme suerte! #HolaColombia. Hola 79 destinos europeos al mejor precio https://t.co/prDAmG1qhy",Thu Nov 23 04:32:53 +0000 2017,23,3,327,139,
937270448013959169,negative,True,@Iberia no resolvi√≥ nada. Solo pregunto. Sigue el mensaje directo,Sun Dec 03 10:41:03 +0000 2017,3,6,337,65,
937121508744409088,positive,False,"2 meses y empiezo a trabajar con Iberia, que ricooooüòö‚ù§",Sun Dec 03 00:49:13 +0000 2017,3,6,337,55,"üòö,‚ù§"
927544456496271360,negative,False,Cuidado estafa reserva en la Web de @iberia. Pueden acabar reservando vuelos con otro origen ya que te lo cambia sin avisar.30 ‚Ç¨ cancelaci√≥n,Mon Nov 06 14:33:26 +0000 2017,6,0,310,140,
935975050401976320,negative,True,"@franciscoperalg @EvaMPont1 @vueling @Ryanair @easyJet La se√±ora se pas√≥ de lista, y tal como estan las cosas quiso‚Ä¶ https://t.co/zIFkdTytB3",Wed Nov 29 20:53:36 +0000 2017,29,2,333,140,
941338043021131776,positive,False,Norwegian reta a Iberia con vuelos a EEUU desde Madrid https://t.co/twgViZTLbB,Thu Dec 14 16:04:13 +0000 2017,14,3,348,78,
941641562588680193,neutral,False,La nueva pol√≠tica de equipajes de Ryanair entrar√° en vigor el pr√≥ximo 15 de enero https://t.co/IizRGPhX1o,Fri Dec 15 12:10:18 +0000 2017,15,4,349,105,
944685275594272775,neutral,False,CCOO consigue que Espa√±a sea el primer pa√≠s europeo en el que Ryanair comience las negociaciones de un convenio... https://t.co/wSwWH68U8u,Sat Dec 23 21:44:55 +0000 2017,23,5,357,138,
947176246798176257,negative,True,@jotero46 @Rafanoguera98 @ivan_cortina @Iberia Iberia no paga ni las indemnizaciones que le corresponden por ley ni‚Ä¶ https://t.co/3qcanFYdWT,Sat Dec 30 18:43:09 +0000 2017,30,5,364,140,
943946961119580160,negative,True,@TheDrRodriguez @British_Airways @Iberia Ha! Eu e mais a mi√±a moza daquela sa√≠mos en t√≥dalas teles en 1999 grazas a‚Ä¶ https://t.co/zcOW0TZC1V,Thu Dec 21 20:51:07 +0000 2017,21,3,355,140,
936650637424644096,positive,False,Iberia Express ofrece 5.000 vuelos a 5 euros https://t.co/qwa8NyySWJ,Fri Dec 01 17:38:08 +0000 2017,1,4,335,68,
944888903911305216,negative,True,"@Iberia Pues es lo que estoy haciendo, reportandola! As√≠ que hagan el favor  @Iberia o @renfe de entenderse y propo‚Ä¶ https://t.co/CB0QMYRlDc",Sun Dec 24 11:14:04 +0000 2017,24,6,358,140,
936627019760021504,neutral,True,"@toy_fa @Iberia Hola. A ese respecto, acude con @SATMX Saludos.",Fri Dec 01 16:04:17 +0000 2017,1,4,335,63,
